id,title,description,google_product_category,product_type,link,image_link,condition,availability,price,sale_price,sale_price_effective_date,gtin,brand,mpn,item_group_id,gender,age_group,color,size,shipping,shipping_weight,additional_image_link,expiration_date,material,pattern,custom_label_0,custom_label_1,custom_label_2,custom_label_3,custom_label_4,ios_url,ios_app_store_id,ios_app_name,iphone_url,iphone_app_store_id,iphone_app_name,ipad_url,ipad_app_store_id,ipad_app_name,android_url,android_package,android_app_name,windows_phone_url,windows_phone_app_id,windows_phone_app_name
500000068,Bouquet De 12 Roses Creme Artificielles Et Feuillage Hauteur 25 Cm - Choisissez Votre Coloris: Crème - Taille : TU,"Superbe Bouquet De 12 Roses Artificielles, Herbe Et Feuillage Hauteur 25 Cm Et Diamètre 18 Cm Environ. De Toute Beauté. Superbe Qualité, Très Belle Apparence, Réalisme Étonnant. Vous Pouvez Détacher Le Raphia Pour Obtenir 12 Roses Individuelles Artificielles Avec Feuillage. Diamètre Des Fleurs 6 Cm Environ- Taille : TU",,,https://comapny.app.link/3p?%243p=a_facebook&~secondary_ad_format=App+Install+Ads&~advertising_partner_name=Facebook&%24one_time_use=false&~branch_ad_format=App+Only&~channel=Facebook&~feature=paid+advertising,https://cdn.laredoute.com/products/1200by1200/a/3/4/a34658b11a1bab17a79feb4c549ec5a9.jpg,new,in stock,10.24,,,$ur,ARTIFICIELLES,3661838010929,500000068,,,Cr Me,Taille Unique,FR:6.90,,https://cdn.laredoute.com/products/1200by1200/a/3/4/a34658b11a1bab17a79feb4c549ec5a9.jpg,,,,laredoute://?a=500000068,,,,,laredoute://?a=500000068,393136788,La Redoute - Mode & Maison,,,,,,,laredoute://?a=500000068,com.ocito.laredoute,La Redoute - Mode & Maison,,,
500000077,Bouquet De Roses Et Hortensias Artificielles Blanc-vert 13 Tetes Diametre 28 Cm - Choisissez Votre C - Taille : TU,Superbe Bouquet De Fleurs Artificielles Composé De 18 Tiges Dont 13 Têtes De Fleurs : 11 Roses Et 2 Hortensia Et Avec Du Feuillage Et Le Tout Lié. C'est Du Très Beau Bouquet Hauteur 35 Cm Et Diamètre 28 Cm Environ. Vous Pouvez Aussi Détacher Le Bouquet!- Taille : TU,,,https://comapny.app.link/3p?%243p=a_facebook&~secondary_ad_format=App+Install+Ads&~advertising_partner_name=Facebook&%24one_time_use=false&~branch_ad_format=App+Only&~channel=Facebook&~feature=paid+advertising,https://cdn.laredoute.com/products/1200by1200/6/b/c/6bc15e000d5cc57efa8ea253999226e6.jpg,new,in stock,30.88,,,$ur,ARTIFICIELLES,3661838011483,500000077,,,Lavande;Blanc/Vert,Taille Unique,FR:6.90,,https://cdn.laredoute.com/products/1200by1200/6/b/c/6bc15e000d5cc57efa8ea253999226e6.jpg,,,,laredoute://?a=500000077,,,,,laredoute://?a=500000077,393136788,La Redoute - Mode & Maison,,,,,,,laredoute://?a=500000077,com.ocito.laredoute,La Redoute - Mode & Maison,,,
500000249,Palmier Kentia Artificiel 11 Tiges H 260 Cm 344 Feuilles Artificielles - Choisissez La Hauteur: H 26 - Taille : TU,Palmier Kentia Artificiel 11 Tiges H 260 Cm 344 Feuilles Artificielles - Choisissez La Hauteur: H 260 Cm- Taille : TU,Maison et jardin > Pelouses et jardins > Jardinage > Pots et cache-pots,"Meubles, déco > Jardin > Jardinage > Pot, bac, jardinière",https://comapny.app.link/3p?%243p=a_facebook&~secondary_ad_format=App+Install+Ads&~advertising_partner_name=Facebook&%24one_time_use=false&~branch_ad_format=App+Only&~channel=Facebook&~feature=paid+advertising,https://cdn.laredoute.com/products/1200by1200/a/3/d/a3de93852fcaf73f3f8ffb41cdf87a63.jpg,new,in stock,368.92,,,$ur,ARTIFICIELLES,3661838028603,500000249,,,Couleur Unique,Taille Unique,FR:6.90,,https://cdn.laredoute.com/products/1200by1200/a/3/d/a3de93852fcaf73f3f8ffb41cdf87a63.jpg,,Plastique,,laredoute://?a=500000249,,,,,laredoute://?a=500000249,393136788,La Redoute - Mode & Maison,,,,,,,laredoute://?a=500000249,com.ocito.laredoute,La Redoute - Mode & Maison,,,
500000302,Bouquet De 6 Fleurs De Lotus Artificiel Rose Rouge D 30 Cm Avec Feuillage - Choisissez Votre Couleur - Taille : TU,"Voici Un Bouquet Haut De Gamme Par Ses Qualités De Finitions. 4 Superbes Fleurs Artificielles De Lotus Rose-rouge D 10 Cm Environ Et 2 Gros Boutons Montés En Bouquet. Diamètre 30 Cm H 27 Cm. Le Bouquet Peut Être Séparé En Coupant En Coupant Le Lien Pour Obtenir 6 Feuilles, 4 Fleurs Et 2 Boutons.- Taille : TU",,,https://comapny.app.link/3p?%243p=a_facebook&~secondary_ad_format=App+Install+Ads&~advertising_partner_name=Facebook&%24one_time_use=false&~branch_ad_format=App+Only&~channel=Facebook&~feature=paid+advertising,https://cdn.laredoute.com/products/1200by1200/0/5/2/05228e5d14a192232dc18ce45921e793.jpg,new,in stock,18.81,,,$ur,ARTIFICIELLES,3661838040643,500000302,,,Rose/Rouge;Champagne,Taille Unique,FR:6.90,,https://cdn.laredoute.com/products/1200by1200/c/e/e/ceeb26494ab0726af9306a800290b93f.jpg,,,,laredoute://?a=500000302,,,,,laredoute://?a=500000302,393136788,La Redoute - Mode & Maison,,,,,,,laredoute://?a=500000302,com.ocito.laredoute,La Redoute - Mode & Maison,,,
500000303,Lotus En Fleur Zihia Artificiel Fushia H 50 Cm Tres Belle Tete D 11 Cm - Choisissez Votre Coloris: F - Taille : TU,"Voici La Fleur Tout Droit Venue Du Pays Du Soleil Levant, La Fleur De Lotus. Elle Est Juste Magnifique Et Bluffante De Réalisme Par Sa Texture. Cette Tige Mesure 50 Cm Et Sa Fleur A Un Diamètre D'environ 11 Cm Et Une Hauteur De 8 Cm. Fleur Artificielle En Tissu Gaufré Top Qualité- Taille : TU",,,https://comapny.app.link/3p?%243p=a_facebook&~secondary_ad_format=App+Install+Ads&~advertising_partner_name=Facebook&%24one_time_use=false&~branch_ad_format=App+Only&~channel=Facebook&~feature=paid+advertising,https://cdn.laredoute.com/products/1200by1200/0/5/d/05d025fd0f131c76e27ce121d394bdd1.jpg,new,in stock,3.59,,,$ur,ARTIFICIELLES,3661838040674,500000303,,,Fushia,Taille Unique,FR:6.90,,https://cdn.laredoute.com/products/1200by1200/0/5/d/05d025fd0f131c76e27ce121d394bdd1.jpg,,Plastique,,laredoute://?a=500000303,,,,,laredoute://?a=500000303,393136788,La Redoute - Mode & Maison,,,,,,,laredoute://?a=500000303,com.ocito.laredoute,La Redoute - Mode & Maison,,,
500000304,Arum Calla Fleur Artificielle Verte H 42 Cm Superbe - Choisissez Votre Coloris: Vert - Taille : TU,"Arum Calla Fleur Artificielle H 42 Cm Superbe. Fleur En Mousse Pu. Superbe. Fleur Longueur 8 Cm, Largeur 5 Cm Et Hauteur 8 Cm Environ- Taille : TU",,,https://comapny.app.link/3p?%243p=a_facebook&~secondary_ad_format=App+Install+Ads&~advertising_partner_name=Facebook&%24one_time_use=false&~branch_ad_format=App+Only&~channel=Facebook&~feature=paid+advertising,https://cdn.laredoute.com/products/1200by1200/a/8/6/a8654364e3287f33405c133dd5f66a3d.jpg,new,in stock,2.63,,,$ur,ARTIFICIELLES,3661838040711,500000304,,,Aubergine;Champagne;Couleur Unique,Taille Unique,FR:6.90,,https://cdn.laredoute.com/products/1200by1200/d/6/4/d6408104ec1bf356e1830499146bbcb9.jpg,,Plastique,,laredoute://?a=500000304,,,,,laredoute://?a=500000304,393136788,La Redoute - Mode & Maison,,,,,,,laredoute://?a=500000304,com.ocito.laredoute,La Redoute - Mode & Maison,,,
500000311,Poivron Légume Artificiel Avec Poids H 85 Mm Vert - Choisissez Votre Coloris: Vert - Taille : TU,Poivron Légume Artificiel Avec Poids 10cm- Taille : TU,"Meubles, déco > Décoration > Vase, cache pot d'intérieur","Meubles, déco > Décoration > Vase, cache pot d'intérieur",https://comapny.app.link/3p?%243p=a_facebook&~secondary_ad_format=App+Install+Ads&~advertising_partner_name=Facebook&%24one_time_use=false&~branch_ad_format=App+Only&~channel=Facebook&~feature=paid+advertising,https://cdn.laredoute.com/products/1200by1200/b/5/8/b58308bcfa436e7b2667d7523c0e33ce.jpg,new,in stock,3.39,,,$ur,ARTIF-DECO,3661838041787,500000311,,,Rouge Cerise;Vert,Taille Unique,FR:6.90,,https://cdn.laredoute.com/products/1200by1200/d/c/1/dc1e31e19c6d4f4ac125d20edcbb4bd6.jpg,,,,laredoute://?a=500000311,,,,,laredoute://?a=500000311,393136788,La Redoute - Mode & Maison,,,,,,,laredoute://?a=500000311,com.ocito.laredoute,La Redoute - Mode & Maison,,,
500000312,Mini Plante Topiaire Violet Deco H 25 Cm En Pot Plastique Blanc Superbe - Choisissez Votre Coloris: - Taille : TU,"Mini Plante Topiaire Deco H 25 Cm En Pot Plastique Blanc Superbe. Diamètre De La Tête : 14cm, Pot Hauteur : 9cm D : 9,50 Cm Environ, Pot Plastique Finition Herbe, Superbe !- Taille : TU",,,https://comapny.app.link/3p?%243p=a_facebook&~secondary_ad_format=App+Install+Ads&~advertising_partner_name=Facebook&%24one_time_use=false&~branch_ad_format=App+Only&~channel=Facebook&~feature=paid+advertising,https://cdn.laredoute.com/products/1200by1200/7/e/b/7ebe2bbf3726a4771e89c5788a8deda9.jpg,new,in stock,14.43,,,$ur,ARTIF-DECO,3661838041947,500000312,,,Violet;Vert/Jaune;Vert,Taille Unique,FR:6.90,,https://cdn.laredoute.com/products/1200by1200/6/4/4/644bd572c9548552b90289a3b682580f.jpg,,,,laredoute://?a=500000312,,,,,laredoute://?a=500000312,393136788,La Redoute - Mode & Maison,,,,,,,laredoute://?a=500000312,com.ocito.laredoute,La Redoute - Mode & Maison,,,
500000317,Corail En Piquets X12 Vert H 52 Cm Plastique Superbe En Bouquet - Choisissez Votre Coloris: Vert Pom - Taille : TU,"Magnifique Corail En Lot De 12 Piquets H 52 Cm Plastique Superbe En Bouquet Pour Tous Usages. Ils Peuvent Se Piquer Partout, À L'extérieur Comme Dans Les Rayons Poissons. Diamètre Du Piquet Au Plus Large : 2.50 Cm Environ- Taille : TU",Maison et jardin,"Meubles, déco > Décoration > Fleurs et fruits artificiels",https://comapny.app.link/3p?%243p=a_facebook&~secondary_ad_format=App+Install+Ads&~advertising_partner_name=Facebook&%24one_time_use=false&~branch_ad_format=App+Only&~channel=Facebook&~feature=paid+advertising,https://cdn.laredoute.com/products/1200by1200/3/9/9/3998e291ae7498fad8fdc8ce66eff21e.jpg,new,in stock,4.97,,,$ur,ARTIF-DECO,3661838042166,500000317,,,Vert Pomme;Rouge Cerise,Taille Unique,FR:6.90,,https://cdn.laredoute.com/products/1200by1200/d/5/a/d5aebab34601a97ad99f843a59b838e2.jpg,,,,laredoute://?a=500000317,,,,,laredoute://?a=500000317,393136788,La Redoute - Mode & Maison,,,,,,,laredoute://?a=500000317,com.ocito.laredoute,La Redoute - Mode & Maison,,,
500000318,Branche De Cerisier Prunus Creme Artificiel H 120 Cm Top - Choisissez Votre Coloris: Crème - Taille : TU,Magnifique Branche De Cerisier Prunus Artificiel H 120 Cm Top. Très Fleurie. Une Densité Rare- Taille : TU,,,https://comapny.app.link/3p?%243p=a_facebook&~secondary_ad_format=App+Install+Ads&~advertising_partner_name=Facebook&%24one_time_use=false&~branch_ad_format=App+Only&~channel=Facebook&~feature=paid+advertising,https://cdn.laredoute.com/products/1200by1200/2/9/7/297064b9dfae16f6044c9ab5f5eb158f.jpg,new,in stock,8.57,,,$ur,ARTIF-DECO,3661838042234,500000318,,,Cr Me,Taille Unique,FR:6.90,,https://cdn.laredoute.com/products/1200by1200/3/7/0/3709c908458287c2ea41ab8556835adf.jpg,,,,laredoute://?a=500000318,,,,,laredoute://?a=500000318,393136788,La Redoute - Mode & Maison,,,,,,,laredoute://?a=500000318,com.ocito.laredoute,La Redoute - Mode & Maison,,,
500000320,Bouquet De Fleurs Artificielles Renoncule Creme Vert H 44 Cm Tres Dense D 20 Cm - Choisissez Votre C - Taille : TU,Magnifique Bouquet De Fleurs Artificielles Renoncule Bourgogne H 44 Cm Très Dense D 20 Cm. 3 Tiges Reliée Entre Elles Par Du Raphia 36 Fleurs - Qui Peut Être Coupé Pour Obtenir3 Tiges Séparées. Très Frais. 18 Fleurs D 3.50 Cm Et 18 Fleurs 2.50 Cm. Hauteur Tige 19 Cm Environ. Feuillage Et Fleurs En Tissu- Taille : TU,,,https://comapny.app.link/3p?%243p=a_facebook&~secondary_ad_format=App+Install+Ads&~advertising_partner_name=Facebook&%24one_time_use=false&~branch_ad_format=App+Only&~channel=Facebook&~feature=paid+advertising,https://cdn.laredoute.com/products/1200by1200/b/f/d/bfd805dde81950b1ea5ddf2323e95fc7.jpg,new,in stock,11.67,,,$ur,ARTIFICIELLES,3661838042821,500000320,,,Rose Intense;Cr Me Vert,Taille Unique,FR:6.90,,https://cdn.laredoute.com/products/1200by1200/b/f/d/bfd805dde81950b1ea5ddf2323e95fc7.jpg,,,,laredoute://?a=500000320,,,,,laredoute://?a=500000320,393136788,La Redoute - Mode & Maison,,,,,,,laredoute://?a=500000320,com.ocito.laredoute,La Redoute - Mode & Maison,,,
500000324,Fleur Artificielle Statice H 64 Cm Superbe Et Originale Ideale Pour Bouquet - Couleur: Blanc Neige - Taille : TU,"Superbe Fleur Artificielle Statice Blanc H 64 Cm Superbe Et Originale Idéale Pour Bouquet. Appelée Aussi Lavande Des Mers. Idéale Pour Vos Fonds De Bouquets. Richement Doté De 4 Superbe Fleurs Fleur Artificielle En Tissu, Tige En Plastique- Taille : TU",,,https://comapny.app.link/3p?%243p=a_facebook&~secondary_ad_format=App+Install+Ads&~advertising_partner_name=Facebook&%24one_time_use=false&~branch_ad_format=App+Only&~channel=Facebook&~feature=paid+advertising,https://cdn.laredoute.com/products/1200by1200/7/b/a/7ba13b67859f49eed2f0c25de48bcd16.jpg,new,in stock,5.64,,,$ur,ARTIFICIELLES,3661838043859,500000324,,,Rose;Lavande;Blanc Neige,Taille Unique,FR:6.90,,https://cdn.laredoute.com/products/1200by1200/7/b/a/7ba13b67859f49eed2f0c25de48bcd16.jpg,,,,laredoute://?a=500000324,,,,,laredoute://?a=500000324,393136788,La Redoute - Mode & Maison,,,,,,,laredoute://?a=500000324,com.ocito.laredoute,La Redoute - Mode & Maison,,,
500000340,Bouquet Varie De Dahlia Et Anemone Artificiel Hauteur 23 Cm Superbe Creme - Couleur: Crème - Taille : TU,Bouquet Varie De Dahlia Et Anemone Artificiel Hauteur 23 Cm Superbe Creme - Couleur: Crème- Taille : TU,,,https://comapny.app.link/3p?%243p=a_facebook&~secondary_ad_format=App+Install+Ads&~advertising_partner_name=Facebook&%24one_time_use=false&~branch_ad_format=App+Only&~channel=Facebook&~feature=paid+advertising,https://cdn.laredoute.com/products/1200by1200/6/5/1/651cee63e7545985a85dc014a0875fa0.jpg,new,in stock,9.19,,,$ur,ARTIFICIELLES,3661838046133,500000340,,,Crème,Taille Unique,FR:6.90,,https://cdn.laredoute.com/products/1200by1200/6/5/1/651cee63e7545985a85dc014a0875fa0.jpg,,,,laredoute://?a=500000340,,,,,laredoute://?a=500000340,393136788,La Redoute - Mode & Maison,,,,,,,laredoute://?a=500000340,com.ocito.laredoute,La Redoute - Mode & Maison,,,
500000342,Gravier Colore Turquoise Decoration Vase Table Tube 700g - Choisissez La Couleur: Turquoise - Taille : TU,"Tube De 700 G (21.5 X 5.5 Cm) De Petits Graviers Colorés Pour Vos Créations De Petits Jardins Japonais, Pour La Décoration De Votre Table De Fête Ou Que Sais-je Encore... Le Diamètre Des Petits Graviers Est D'environ 5 Mm. Attention, Le Gravier Peut Déteindre.- Taille : TU",,,https://comapny.app.link/3p?%243p=a_facebook&~secondary_ad_format=App+Install+Ads&~advertising_partner_name=Facebook&%24one_time_use=false&~branch_ad_format=App+Only&~channel=Facebook&~feature=paid+advertising,https://cdn.laredoute.com/products/1200by1200/2/2/d/22d624d0a631c94c98d1ec28dce79c9c.jpg,new,in stock,3.98,,,$ur,ARTIFICIELLES,3661838021758,500000342,,,Turquoise;Rose,Taille Unique,FR:6.90,,https://cdn.laredoute.com/products/1200by1200/2/2/d/22d624d0a631c94c98d1ec28dce79c9c.jpg,,,,laredoute://?a=500000342,,,,,laredoute://?a=500000342,393136788,La Redoute - Mode & Maison,,,,,,,laredoute://?a=500000342,com.ocito.laredoute,La Redoute - Mode & Maison,,,
500000350,Pomme Artificielle Rouge Brillante D6 5cm Superbe En Decoration - Taille : TU,Superbe Pomme Artificielle Rouge Brillante. Diamètre Environ 6.50 Cm. Idéale Pour Vos Décorations Originales.- Taille : TU,,,https://comapny.app.link/3p?%243p=a_facebook&~secondary_ad_format=App+Install+Ads&~advertising_partner_name=Facebook&%24one_time_use=false&~branch_ad_format=App+Only&~channel=Facebook&~feature=paid+advertising,https://cdn.laredoute.com/products/1200by1200/4/3/2/4327a87bc0ce7cdbfd7c2e1b81ae1d61.jpg,new,in stock,1.84,,,$ur,ARTIFICIELLES,3661838031603,500000350,,,Couleur Unique,Taille Unique,FR:6.90,,https://cdn.laredoute.com/products/1200by1200/4/3/2/4327a87bc0ce7cdbfd7c2e1b81ae1d61.jpg,,Plastique,,laredoute://?a=500000350,,,,,laredoute://?a=500000350,393136788,La Redoute - Mode & Maison,,,,,,,laredoute://?a=500000350,com.ocito.laredoute,La Redoute - Mode & Maison,,,
500000351,Pomme Artificielle Rouge Brillante D9cm Superbe En Decoration - Taille : TU,Superbe Pomme Artificielle Rouge Brillante. Diamètre Environ 9 Cm. Idéale Pour Vos Décorations Originales.- Taille : TU,,,https://comapny.app.link/3p?%243p=a_facebook&~secondary_ad_format=App+Install+Ads&~advertising_partner_name=Facebook&%24one_time_use=false&~branch_ad_format=App+Only&~channel=Facebook&~feature=paid+advertising,https://cdn.laredoute.com/products/1200by1200/6/9/0/690ec9b1e4d27374b442da5af555f80e.jpg,new,in stock,2.42,,,$ur,ARTIFICIELLES,3661838031610,500000351,,,Couleur Unique,Taille Unique,FR:6.90,,https://cdn.laredoute.com/products/1200by1200/6/9/0/690ec9b1e4d27374b442da5af555f80e.jpg,,Plastique,,laredoute://?a=500000351,,,,,laredoute://?a=500000351,393136788,La Redoute - Mode & Maison,,,,,,,laredoute://?a=500000351,com.ocito.laredoute,La Redoute - Mode & Maison,,,
500000355,Petales De Rose X60 Blanc Neige Artificiels Just Married En Boite Coeur - Taille : TU,Petales De Rose X60 Blanc Neige Artificiels Just Married En Boite Coeur- Taille : TU,"Meubles, déco > Décoration > Décoration festive","Meubles, déco > Décoration > Décoration festive",https://comapny.app.link/3p?%243p=a_facebook&~secondary_ad_format=App+Install+Ads&~advertising_partner_name=Facebook&%24one_time_use=false&~branch_ad_format=App+Only&~channel=Facebook&~feature=paid+advertising,https://cdn.laredoute.com/products/1200by1200/5/6/e/56e6185629cd030e59850bed0c049e29.jpg,new,in stock,4.55,,,$ur,ARTIFICIELLES,3661838029853,500000355,,,Couleur Unique,Taille Unique,FR:6.90,,https://cdn.laredoute.com/products/1200by1200/1/f/4/1f48440c1a5d5b51c65861b9b1c0db8f.jpg,,Métal,,laredoute://?a=500000355,,,,,laredoute://?a=500000355,393136788,La Redoute - Mode & Maison,,,,,,,laredoute://?a=500000355,com.ocito.laredoute,La Redoute - Mode & Maison,,,
500000359,Physalis Artificielles Assorties 14 Pcs Par Sachet - Taille : TU,14 Petits Fruits Délicats Qui Nous Rappellent Que L'automne Est Proche!!- Taille : TU,,,https://comapny.app.link/3p?%243p=a_facebook&~secondary_ad_format=App+Install+Ads&~advertising_partner_name=Facebook&%24one_time_use=false&~branch_ad_format=App+Only&~channel=Facebook&~feature=paid+advertising,https://cdn.laredoute.com/products/1200by1200/9/0/7/90792faefac53e26b27b45c53a2e0342.jpg,new,in stock,3.4,,,$ur,ARTIFICIELLES,3661838030262,500000359,,,Couleur Unique,Taille Unique,FR:6.90,,https://cdn.laredoute.com/products/1200by1200/9/0/7/90792faefac53e26b27b45c53a2e0342.jpg,,Plastique,,laredoute://?a=500000359,,,,,laredoute://?a=500000359,393136788,La Redoute - Mode & Maison,,,,,,,laredoute://?a=500000359,com.ocito.laredoute,La Redoute - Mode & Maison,,,
500000360,Pic De Buis Artificiel 23 Cm En Plastique - Taille : TU,Pic De Buis Artificiel De 23 Cm Pour L'interieur Comme Pour L'exterieur.- Taille : TU,,,https://comapny.app.link/3p?%243p=a_facebook&~secondary_ad_format=App+Install+Ads&~advertising_partner_name=Facebook&%24one_time_use=false&~branch_ad_format=App+Only&~channel=Facebook&~feature=paid+advertising,https://cdn.laredoute.com/products/1200by1200/0/9/2/09264c5eed94ef67967cef9aab94dfd9.jpg,new,in stock,1.38,,,$ur,ARTIFICIELLES,3661838030279,500000360,,,Couleur Unique,Taille Unique,FR:6.90,,https://cdn.laredoute.com/products/1200by1200/f/0/6/f06c5f2e2e4c7d600c0425c20a38b614.jpg,,Plastique,,laredoute://?a=500000360,,,,,laredoute://?a=500000360,393136788,La Redoute - Mode & Maison,,,,,,,laredoute://?a=500000360,com.ocito.laredoute,La Redoute - Mode & Maison,,,
500000364,Piles X5 Bouton Electrique Cr2032 Pour Led Eau - Taille : TU,/p>- Taille : TU,,,https://comapny.app.link/3p?%243p=a_facebook&~secondary_ad_format=App+Install+Ads&~advertising_partner_name=Facebook&%24one_time_use=false&~branch_ad_format=App+Only&~channel=Facebook&~feature=paid+advertising,https://cdn.laredoute.com/products/1200by1200/4/e/1/4e152422cb3cbceb23cdb31ab1f00f49.jpg,new,in stock,4.55,,,$ur,ARTIFICIELLES,3661838030408,500000364,,,Couleur Unique,Taille Unique,FR:6.90,,https://cdn.laredoute.com/products/1200by1200/2/b/4/2b4289ce0c63b6c8c866cf745362d84a.jpg,,Métal,,laredoute://?a=500000364,,,,,laredoute://?a=500000364,393136788,La Redoute - Mode & Maison,,,,,,,laredoute://?a=500000364,com.ocito.laredoute,La Redoute - Mode & Maison,,,
500000366,Piment Artificiel L 18cm Vert - Taille : TU,"Vous Rentrez Du Marché Avec Ces Beaux Légumes! Il Est Vendu À L'unité, Il Fait Environ 18 Cms De Longueur, Il Est Lesté Et Bluffant De Vérité.- Taille : TU",,,https://comapny.app.link/3p?%243p=a_facebook&~secondary_ad_format=App+Install+Ads&~advertising_partner_name=Facebook&%24one_time_use=false&~branch_ad_format=App+Only&~channel=Facebook&~feature=paid+advertising,https://cdn.laredoute.com/products/1200by1200/4/6/e/46e01fbeace65486f26d02d7f7406874.jpg,new,in stock,1.22,,,$ur,ARTIFICIELLES,3661838030422,500000366,,,Couleur Unique,Taille Unique,FR:6.90,,https://cdn.laredoute.com/products/1200by1200/4/6/e/46e01fbeace65486f26d02d7f7406874.jpg,,Plastique,,laredoute://?a=500000366,,,,,laredoute://?a=500000366,393136788,La Redoute - Mode & Maison,,,,,,,laredoute://?a=500000366,com.ocito.laredoute,La Redoute - Mode & Maison,,,
500000369,Pince Bois Avec Motif Poulette 4 Pcs En Sachet Couleurs Varies - Taille : TU,Pince Bois Avec Motif Poulette 4 Pcs En Sachet Couleurs Varies- Taille : TU,"Meubles, déco > Décoration > Décoration de Noël","Meubles, déco > Décoration > Décoration de Noël",https://comapny.app.link/3p?%243p=a_facebook&~secondary_ad_format=App+Install+Ads&~advertising_partner_name=Facebook&%24one_time_use=false&~branch_ad_format=App+Only&~channel=Facebook&~feature=paid+advertising,https://cdn.laredoute.com/products/1200by1200/0/e/f/0ef57ba0b25c20443ea022c409d9dbfc.jpg,new,in stock,4.09,,,$ur,ARTIFICIELLES,3661838030460,500000369,,,Couleur Unique,Taille Unique,FR:6.90,,https://cdn.laredoute.com/products/1200by1200/0/e/f/0ef57ba0b25c20443ea022c409d9dbfc.jpg,,Bois clair,,laredoute://?a=500000369,,,,,laredoute://?a=500000369,393136788,La Redoute - Mode & Maison,,,,,,,laredoute://?a=500000369,com.ocito.laredoute,La Redoute - Mode & Maison,,,
500000370,Pince Bois Avec Motif Vache 4 Pcs En Sachet - Taille : TU,Pince Bois Avec Motif Vache 4 Pcs En Sachet- Taille : TU,"Meubles, déco > Décoration > Décoration festive","Meubles, déco > Décoration > Décoration festive",https://comapny.app.link/3p?%243p=a_facebook&~secondary_ad_format=App+Install+Ads&~advertising_partner_name=Facebook&%24one_time_use=false&~branch_ad_format=App+Only&~channel=Facebook&~feature=paid+advertising,https://cdn.laredoute.com/products/1200by1200/d/b/9/db957050cd63498f98675525f8ad07cb.jpg,new,in stock,4.27,,,$ur,ARTIFICIELLES,3661838030477,500000370,,,Couleur Unique,Taille Unique,FR:6.90,,https://cdn.laredoute.com/products/1200by1200/d/b/9/db957050cd63498f98675525f8ad07cb.jpg,,Bois clair,,laredoute://?a=500000370,,,,,laredoute://?a=500000370,393136788,La Redoute - Mode & Maison,,,,,,,laredoute://?a=500000370,com.ocito.laredoute,La Redoute - Mode & Maison,,,
500000383,Sapin Avec Baies En Sac Jute 50cm Artificiel - Taille : TU,"Voila Bien Un Cadeau Utile! Un Petit Sapin Pour Poser Partout, Au Bureau, En Salle De Réunion, Sur Un Meuble!!!superbe Avec Son Sac De Jute Au Pied, Déja Richement Décore Il Ne Lui Manque Plus Que Sa Place!! Sa Hauteur De 50 Cm Ravira Les Petits Endroits.- Taille : TU",Maison et jardin,"Meubles, déco > Décoration > Fleurs et fruits artificiels",https://comapny.app.link/3p?%243p=a_facebook&~secondary_ad_format=App+Install+Ads&~advertising_partner_name=Facebook&%24one_time_use=false&~branch_ad_format=App+Only&~channel=Facebook&~feature=paid+advertising,https://cdn.laredoute.com/products/1200by1200/a/8/b/a8b1daf9de86dd6a861c8bd33781e6d5.jpg,new,in stock,24.17,,,$ur,ARTIFICIELLES,3661838034000,500000383,,,Couleur Unique,Taille Unique,FR:6.90,,https://cdn.laredoute.com/products/1200by1200/a/8/b/a8b1daf9de86dd6a861c8bd33781e6d5.jpg,,Plastique,,laredoute://?a=500000383,,,,,laredoute://?a=500000383,393136788,La Redoute - Mode & Maison,,,,,,,laredoute://?a=500000383,com.ocito.laredoute,La Redoute - Mode & Maison,,,
500000389,Strelizia Arabica Artificiel H 80 Cm Oiseau Du Paradis Tete Latex - Taille : TU,Strelizia Arabica Artificiel H 80 Cm Oiseau Du Paradis Tete Latex- Taille : TU,,,https://comapny.app.link/3p?%243p=a_facebook&~secondary_ad_format=App+Install+Ads&~advertising_partner_name=Facebook&%24one_time_use=false&~branch_ad_format=App+Only&~channel=Facebook&~feature=paid+advertising,https://cdn.laredoute.com/products/1200by1200/8/a/f/8afc870509c1927f72cb57215bd81bf0.jpg,new,in stock,8.57,,,$ur,ARTIFICIELLES,3661838039494,500000389,,,Couleur Unique,Taille Unique,FR:6.90,,https://cdn.laredoute.com/products/1200by1200/8/a/f/8afc870509c1927f72cb57215bd81bf0.jpg,,Plastique,,laredoute://?a=500000389,,,,,laredoute://?a=500000389,393136788,La Redoute - Mode & Maison,,,,,,,laredoute://?a=500000389,com.ocito.laredoute,La Redoute - Mode & Maison,,,
500000394,Tete De Rose Artificielle D 6 Cm Rouge Amour Superbe - Taille : TU,Tete De Rose Artificielle D 6 Cm Rouge Amour Superbe. Très Belles Têtes De Rose Artificielles Pour Toutes Vos Décorations- Taille : TU,"Meubles, déco > Décoration > Décoration festive","Meubles, déco > Décoration > Décoration festive",https://comapny.app.link/3p?%243p=a_facebook&~secondary_ad_format=App+Install+Ads&~advertising_partner_name=Facebook&%24one_time_use=false&~branch_ad_format=App+Only&~channel=Facebook&~feature=paid+advertising,https://cdn.laredoute.com/products/1200by1200/7/0/c/70c5679ea6d032a32631ca7085fe5984.jpg,new,in stock,1.22,,,$ur,ARTIFICIELLES,3661838036639,500000394,,,Couleur Unique,Taille Unique,FR:6.90,,https://cdn.laredoute.com/products/1200by1200/7/0/c/70c5679ea6d032a32631ca7085fe5984.jpg,,Plastique,,laredoute://?a=500000394,,,,,laredoute://?a=500000394,393136788,La Redoute - Mode & Maison,,,,,,,laredoute://?a=500000394,com.ocito.laredoute,La Redoute - Mode & Maison,,,
500000398,Torche Bambou H 60 Cm - Taille : TU,Torche Bambou H 60 Cm Avec Réservoir À Huile. Pensez À Aménager Votre Jardin!!- Taille : TU,,,https://comapny.app.link/3p?%243p=a_facebook&~secondary_ad_format=App+Install+Ads&~advertising_partner_name=Facebook&%24one_time_use=false&~branch_ad_format=App+Only&~channel=Facebook&~feature=paid+advertising,https://cdn.laredoute.com/products/1200by1200/2/d/1/2d1e840918e7c0b5658036a14dadd755.jpg,new,in stock,3.4,,,$ur,ARTIFICIELLES,3661838036769,500000398,,,Couleur Unique,Taille Unique,FR:6.90,,https://cdn.laredoute.com/products/1200by1200/2/d/1/2d1e840918e7c0b5658036a14dadd755.jpg,,Inox,,laredoute://?a=500000398,,,,,laredoute://?a=500000398,393136788,La Redoute - Mode & Maison,,,,,,,laredoute://?a=500000398,com.ocito.laredoute,La Redoute - Mode & Maison,,,
500000407,Oiseau Artificiel Marron L 15 Cm H 5.50 Cm Sur Tiges Metal - Couleur: Ambre - Taille : TU,Oiseau Artificiel Marron L 15 Cm H 5.50 Cm Sur Tiges Metal - Couleur: Ambre- Taille : TU,,,https://comapny.app.link/3p?%243p=a_facebook&~secondary_ad_format=App+Install+Ads&~advertising_partner_name=Facebook&%24one_time_use=false&~branch_ad_format=App+Only&~channel=Facebook&~feature=paid+advertising,https://cdn.laredoute.com/products/1200by1200/6/e/c/6ec2f0fb8a2e3b96d6dc90be11f92eee.jpg,new,in stock,3.45,,,$ur,ARTIFICIELLES,3661838041381,500000407,,,Couleur Unique,Taille Unique,FR:6.90,,https://cdn.laredoute.com/products/1200by1200/1/f/f/1ffc904ececa32f8106a138ae903e3bc.jpg,,Métal,,laredoute://?a=500000407,,,,,laredoute://?a=500000407,393136788,La Redoute - Mode & Maison,,,,,,,laredoute://?a=500000407,com.ocito.laredoute,La Redoute - Mode & Maison,,,
500000415,Branche Acer Erable Artificielle 70 Cm 36 Feuilles Bourgogne Feu Retardant - Taille : TU,Magnifique Branche Acer Ou Erable Artificielle H 70 Cm 36 Feuilles Bourgogne Feu Retardant. Convient À Tous Usages. Attention Pas De Certificat France- Taille : TU,,,https://comapny.app.link/3p?%243p=a_facebook&~secondary_ad_format=App+Install+Ads&~advertising_partner_name=Facebook&%24one_time_use=false&~branch_ad_format=App+Only&~channel=Facebook&~feature=paid+advertising,https://cdn.laredoute.com/products/1200by1200/4/f/8/4f8a2dc1ce9f11bf22add942d59cdbc1.jpg,new,in stock,20.07,,,$ur,ARTIFICIELLES,3661838041565,500000415,,,Couleur Unique,Taille Unique,FR:6.90,,https://cdn.laredoute.com/products/1200by1200/b/a/2/ba24c6740ef71ce0c3e7d073a1feb054.jpg,,Plastique,,laredoute://?a=500000415,,,,,laredoute://?a=500000415,393136788,La Redoute - Mode & Maison,,,,,,,laredoute://?a=500000415,com.ocito.laredoute,La Redoute - Mode & Maison,,,
500000418,Bonsai Artificiel Arbre A The 40 X 40 Cm 217 Feuilles - Taille : TU,"Magnifique Bonsai Artificiel Arbre À Thé 40 X 40 Cm 217 Feuilles;. Les Dimensions Sont Généreuses Avec Une Hauteur De 40 Cm Et Largeur De 40 Cm. Très Beau Produit, Pour Une Très Belle Idée Cadeau.- Taille : TU",,,https://comapny.app.link/3p?%243p=a_facebook&~secondary_ad_format=App+Install+Ads&~advertising_partner_name=Facebook&%24one_time_use=false&~branch_ad_format=App+Only&~channel=Facebook&~feature=paid+advertising,https://cdn.laredoute.com/products/1200by1200/9/d/e/9de42c27e4a9cfa54224d8e4f150728f.jpg,new,in stock,80.44,,,$ur,ARTIFICIELLES,3661838041657,500000418,,,Couleur Unique,Taille Unique,FR:6.90,,https://cdn.laredoute.com/products/1200by1200/9/d/e/9de42c27e4a9cfa54224d8e4f150728f.jpg,,Plastique,,laredoute://?a=500000418,,,,,laredoute://?a=500000418,393136788,La Redoute - Mode & Maison,,,,,,,laredoute://?a=500000418,com.ocito.laredoute,La Redoute - Mode & Maison,,,
500000423,Tete Ail Blanc Artificiel D 6cm H 6 Cm Superbe Et Rare - Taille : TU,Superbe Tête D'ail Artificiel D 6cm H 5 Cm. Originale Et Rare !- Taille : TU,,,https://comapny.app.link/3p?%243p=a_facebook&~secondary_ad_format=App+Install+Ads&~advertising_partner_name=Facebook&%24one_time_use=false&~branch_ad_format=App+Only&~channel=Facebook&~feature=paid+advertising,https://cdn.laredoute.com/products/1200by1200/4/7/e/47e68898cabba1f80580dd4fac9b424b.jpg,new,in stock,0.69,,,$ur,ARTIF-DECO,3661838041770,500000423,,,Couleur Unique,Taille Unique,FR:6.90,,https://cdn.laredoute.com/products/1200by1200/4/7/e/47e68898cabba1f80580dd4fac9b424b.jpg,,Plastique,,laredoute://?a=500000423,,,,,laredoute://?a=500000423,393136788,La Redoute - Mode & Maison,,,,,,,laredoute://?a=500000423,com.ocito.laredoute,La Redoute - Mode & Maison,,,
500000424,Pitaya Fruit Exotique Artificiel Leste L 17 Cm D 10 Cm - Taille : TU,Superbe Et Rare Fruit Exotique Artificiel Pitaya Du Site Artificielles.com. Fruits Et Légumes Artificiels. Fruit Artificiel Lesté : 45 Gr- Taille : TU,,,https://comapny.app.link/3p?%243p=a_facebook&~secondary_ad_format=App+Install+Ads&~advertising_partner_name=Facebook&%24one_time_use=false&~branch_ad_format=App+Only&~channel=Facebook&~feature=paid+advertising,https://cdn.laredoute.com/products/1200by1200/d/2/8/d2898e48532a3b1753ed6eaa13720c5e.jpg,new,in stock,9.14,,,$ur,ARTIF-DECO,3661838041794,500000424,,,Couleur Unique,Taille Unique,FR:6.90,,https://cdn.laredoute.com/products/1200by1200/d/2/8/d2898e48532a3b1753ed6eaa13720c5e.jpg,,Plastique,,laredoute://?a=500000424,,,,,laredoute://?a=500000424,393136788,La Redoute - Mode & Maison,,,,,,,laredoute://?a=500000424,com.ocito.laredoute,La Redoute - Mode & Maison,,,
500000428,Mousse Artificielle En Rouleau 15 X 200 Cm Superbe Effet - Taille : TU,Mousse Artificielle En Rouleau 15 X 200 Cm Superbe Effet- Taille : TU,,,https://comapny.app.link/3p?%243p=a_facebook&~secondary_ad_format=App+Install+Ads&~advertising_partner_name=Facebook&%24one_time_use=false&~branch_ad_format=App+Only&~channel=Facebook&~feature=paid+advertising,https://cdn.laredoute.com/products/1200by1200/9/a/7/9a7692f4b27e026f5d7f2d589cea59e6.jpg,new,in stock,34.44,,,$ur,ARTIFICIELLES,3661838040155,500000428,,,Couleur Unique,Taille Unique,FR:6.90,,https://cdn.laredoute.com/products/1200by1200/5/c/5/5c5dd0b6d3cad67535da1b1926031d0d.jpg,,Plastique,,laredoute://?a=500000428,,,,,laredoute://?a=500000428,393136788,La Redoute - Mode & Maison,,,,,,,laredoute://?a=500000428,com.ocito.laredoute,La Redoute - Mode & Maison,,,
500000429,Boite Transparente Ours X4 A Garnir En Pvc Ideale Pour Vos Dragees - Taille : TU,"4 Boites Transparentes Ours À Garnir De Dragées, De Plume, De Perles De Pétales... A Accrocher Avec Du Ruban Coloré Au Plafond Ou Aux Murs Ou À Poser Sur Vos Tables De Fête. Le Prix Est Pour Le Lot De 4 Boites. Dimensions : Longueur 5 Cm X Largeur 4.50 Cm X Hauteur 7.90 Cm- Taille : TU","Meubles, déco > Décoration > Décoration festive","Meubles, déco > Décoration > Décoration festive",https://comapny.app.link/3p?%243p=a_facebook&~secondary_ad_format=App+Install+Ads&~advertising_partner_name=Facebook&%24one_time_use=false&~branch_ad_format=App+Only&~channel=Facebook&~feature=paid+advertising,https://cdn.laredoute.com/products/1200by1200/1/3/9/1398ef41fb4ae67d95d9af397c8c7433.jpg,new,in stock,5.46,,,$ur,ARTIFICIELLES,3661838040414,500000429,,,Couleur Unique,Taille Unique,FR:6.90,,https://cdn.laredoute.com/products/1200by1200/8/0/b/80b17677cb0521c03f8f514abc5a0dbe.jpg,,Plastique,,laredoute://?a=500000429,,,,,laredoute://?a=500000429,393136788,La Redoute - Mode & Maison,,,,,,,laredoute://?a=500000429,com.ocito.laredoute,La Redoute - Mode & Maison,,,
500000430,Boite Transparente Voiture X4 A Garnir En Pvc Ideale Pour Vos Dragees - Taille : TU,"4 Boites Transparentes Voiture À Garnir De Dragées, De Plume, De Perles De Pétales... A Accrocher Avec Du Ruban Coloré Au Plafond Ou Aux Murs Ou À Poser Sur Vos Tables De Fête. Le Prix Est Pour Le Lot De 4 Boites. Dimensions : Longueur 8 Cm, Largeur 4 Cm Et Hauteur 3 Cm Environ- Taille : TU","Meubles, déco > Décoration > Décoration festive","Meubles, déco > Décoration > Décoration festive",https://comapny.app.link/3p?%243p=a_facebook&~secondary_ad_format=App+Install+Ads&~advertising_partner_name=Facebook&%24one_time_use=false&~branch_ad_format=App+Only&~channel=Facebook&~feature=paid+advertising,https://cdn.laredoute.com/products/1200by1200/9/f/9/9f9ad3090b50880b412e86d13aa8d8d7.jpg,new,in stock,5.46,,,$ur,ARTIFICIELLES,3661838040421,500000430,,,Couleur Unique,Taille Unique,FR:6.90,,https://cdn.laredoute.com/products/1200by1200/f/7/f/f7ff25c0aca0a8b053c6cc779b73709c.jpg,,Plastique,,laredoute://?a=500000430,,,,,laredoute://?a=500000430,393136788,La Redoute - Mode & Maison,,,,,,,laredoute://?a=500000430,com.ocito.laredoute,La Redoute - Mode & Maison,,,
500000431,Gypsophile Artificiel En Branche 117 Fleurs H 68 Cm Au Top - Taille : TU,Gypsophile Artificiel En Branche 189 Fleurs H 68 Cm Au Top. Belle Branche Avec 189 Fleurs Artificielles. Largeur Environ 20 Cm- Taille : TU,,,https://comapny.app.link/3p?%243p=a_facebook&~secondary_ad_format=App+Install+Ads&~advertising_partner_name=Facebook&%24one_time_use=false&~branch_ad_format=App+Only&~channel=Facebook&~feature=paid+advertising,https://cdn.laredoute.com/products/1200by1200/b/8/f/b8fb90a403811fa2ba16c1fcfab8acd4.jpg,new,in stock,6.39,,,$ur,ARTIFICIELLES,3661838040650,500000431,,,Couleur Unique,Taille Unique,FR:6.90,,https://cdn.laredoute.com/products/1200by1200/b/8/f/b8fb90a403811fa2ba16c1fcfab8acd4.jpg,,Plastique,,laredoute://?a=500000431,,,,,laredoute://?a=500000431,393136788,La Redoute - Mode & Maison,,,,,,,laredoute://?a=500000431,com.ocito.laredoute,La Redoute - Mode & Maison,,,
500000437,Pomme Artificielle Noire Brillante D 22 Cm. Tres Bel Objet Déco. - Taille : TU,Pomme Artificielle Noire Brillante D 22 Cm. Très Bel Objet Déco. Matière Synthétique Vernie.- Taille : TU,,,https://comapny.app.link/3p?%243p=a_facebook&~secondary_ad_format=App+Install+Ads&~advertising_partner_name=Facebook&%24one_time_use=false&~branch_ad_format=App+Only&~channel=Facebook&~feature=paid+advertising,https://cdn.laredoute.com/products/1200by1200/c/c/1/cc11afbaf376997731871f2a5cf2c367.jpg,new,in stock,39.74,,,$ur,ARTIFICIELLES,3661838040933,500000437,,,NOIR,Taille Unique,FR:6.90,,https://cdn.laredoute.com/products/1200by1200/c/c/1/cc11afbaf376997731871f2a5cf2c367.jpg,,Plastique,,laredoute://?a=500000437,,,,,laredoute://?a=500000437,393136788,La Redoute - Mode & Maison,,,,,,,laredoute://?a=500000437,com.ocito.laredoute,La Redoute - Mode & Maison,,,
500000448,Palmier Cycas Artificiel En Pot H 35 Cm Superbe - Taille : TU,Superbe Petit Palmier Cycas Artificiel En Pot H 35 Cm Très Dense. Pot H 8 Cm X D Haut 10 Cm Et D Bas 7 Cm. Feuillage Plastique Largeur De La Plante Environ 25 Cm. Magnifique Pied De Palmier Artificiel. Un Chouette Produit- Taille : TU,,,https://comapny.app.link/3p?%243p=a_facebook&~secondary_ad_format=App+Install+Ads&~advertising_partner_name=Facebook&%24one_time_use=false&~branch_ad_format=App+Only&~channel=Facebook&~feature=paid+advertising,https://cdn.laredoute.com/products/1200by1200/4/6/2/4624bcffe2364df78884136aae589ddb.jpg,new,in stock,18.58,,,$ur,ARTIFICIELLES,3661838041220,500000448,,,Couleur Unique,Taille Unique,FR:6.90,,https://cdn.laredoute.com/products/1200by1200/4/6/2/4624bcffe2364df78884136aae589ddb.jpg,,Plastique,,laredoute://?a=500000448,,,,,laredoute://?a=500000448,393136788,La Redoute - Mode & Maison,,,,,,,laredoute://?a=500000448,com.ocito.laredoute,La Redoute - Mode & Maison,,,
500000450,Carambole Legume Artificiel D 7 Cm Et Longueur 10 Cm - Taille : TU,Carambole Legume Artificiel D 7 Cm Et Longueur 10 Cm- Taille : TU,,,https://comapny.app.link/3p?%243p=a_facebook&~secondary_ad_format=App+Install+Ads&~advertising_partner_name=Facebook&%24one_time_use=false&~branch_ad_format=App+Only&~channel=Facebook&~feature=paid+advertising,https://cdn.laredoute.com/products/1200by1200/3/0/d/30d0df69cfe106aa048ab0adf5a10d96.jpg,new,in stock,1.73,,,$ur,ARTIF-DECO,3661838001231,500000450,,,Couleur Unique,Taille Unique,FR:6.90,,https://cdn.laredoute.com/products/1200by1200/3/0/d/30d0df69cfe106aa048ab0adf5a10d96.jpg,,Plastique,,laredoute://?a=500000450,,,,,laredoute://?a=500000450,393136788,La Redoute - Mode & Maison,,,,,,,laredoute://?a=500000450,com.ocito.laredoute,La Redoute - Mode & Maison,,,
500000451,Piment Artificiel X2 Rouge Legume L 18 Cm D 3 Cm - Taille : TU,Piment Artificiel X2 Rouge Legume L 18 Cm D 3 Cm- Taille : TU,"Meubles, déco > Décoration > Vase, cache pot d'intérieur","Meubles, déco > Décoration > Vase, cache pot d'intérieur",https://comapny.app.link/3p?%243p=a_facebook&~secondary_ad_format=App+Install+Ads&~advertising_partner_name=Facebook&%24one_time_use=false&~branch_ad_format=App+Only&~channel=Facebook&~feature=paid+advertising,https://cdn.laredoute.com/products/1200by1200/c/7/1/c718d20689d11e1dc92ab1e6911244fe.jpg,new,in stock,3.39,,,$ur,ARTIF-DECO,3661838072569,500000451,,,Couleur Unique,Taille Unique,FR:6.90,,https://cdn.laredoute.com/products/1200by1200/c/f/8/cf8a5e0358b457693f584f7cc981493b.jpg,,Plastique,,laredoute://?a=500000451,,,,,laredoute://?a=500000451,393136788,La Redoute - Mode & Maison,,,,,,,laredoute://?a=500000451,com.ocito.laredoute,La Redoute - Mode & Maison,,,
500000452,Piment Artificiel Vert Legume L 15 Cm D 2 Cm - Taille : TU,Piment Artificiel Vert Legume L 15 Cm D 2 Cm- Taille : TU,,,https://comapny.app.link/3p?%243p=a_facebook&~secondary_ad_format=App+Install+Ads&~advertising_partner_name=Facebook&%24one_time_use=false&~branch_ad_format=App+Only&~channel=Facebook&~feature=paid+advertising,https://cdn.laredoute.com/products/1200by1200/4/0/4/4043405e21993c3a68a5edf6bf2fedec.jpg,new,in stock,1.16,,,$ur,ARTIF-DECO,3661838001262,500000452,,,Couleur Unique,Taille Unique,FR:6.90,,https://cdn.laredoute.com/products/1200by1200/4/6/3/463074787feeb8eed1ef6fc1d0472c1d.jpg,,Plastique,,laredoute://?a=500000452,,,,,laredoute://?a=500000452,393136788,La Redoute - Mode & Maison,,,,,,,laredoute://?a=500000452,com.ocito.laredoute,La Redoute - Mode & Maison,,,
500000453,Tetes De Tournesol Artificiel Jaune X 24 En Sachet D 4 5 Cm - Taille : TU,Tetes De Tournesol Artificiel Jaune X 24 En Sachet D 4 5 Cm- Taille : TU,Maison et jardin,"Meubles, déco > Décoration > Fleurs et fruits artificiels",https://comapny.app.link/3p?%243p=a_facebook&~secondary_ad_format=App+Install+Ads&~advertising_partner_name=Facebook&%24one_time_use=false&~branch_ad_format=App+Only&~channel=Facebook&~feature=paid+advertising,https://cdn.laredoute.com/products/1200by1200/3/e/8/3e89bd0d3281634c2d907484cb36a547.jpg,new,in stock,4.9,,,$ur,ARTIF-DECO,3661838001538,500000453,,,Couleur Unique,Taille Unique,FR:6.90,,https://cdn.laredoute.com/products/1200by1200/3/e/8/3e89bd0d3281634c2d907484cb36a547.jpg,,Plastique,,laredoute://?a=500000453,,,,,laredoute://?a=500000453,393136788,La Redoute - Mode & Maison,,,,,,,laredoute://?a=500000453,com.ocito.laredoute,La Redoute - Mode & Maison,,,
500000454,"Supports X6 Pour 6 Boules De Rose Pm 2,50 Cm Nu - Taille : TU","Supports X6 Pour 6 Boules De Fleurs Artificielles Pm 2,50 Cm Nu Du Site Artificielles.com. On Peut Mettre 13 Têtes De Fleurs Artificielles, De Rose Pour Une Boule De Diamètre 8 Cm Environ( Dépend Des Têtes De Fleurs). Laissez Libre Court À Votre Imagination !- Taille : TU","Meubles, déco > Décoration > Décoration festive","Meubles, déco > Décoration > Décoration festive",https://comapny.app.link/3p?%243p=a_facebook&~secondary_ad_format=App+Install+Ads&~advertising_partner_name=Facebook&%24one_time_use=false&~branch_ad_format=App+Only&~channel=Facebook&~feature=paid+advertising,https://cdn.laredoute.com/products/1200by1200/1/2/c/12c9d801e219b0b26cdab6651431175b.jpg,new,in stock,1.73,,,$ur,ARTIF-DECO,3661838001576,500000454,,,Couleur Unique,Taille Unique,FR:6.90,,https://cdn.laredoute.com/products/1200by1200/1/2/c/12c9d801e219b0b26cdab6651431175b.jpg,,Plastique,,laredoute://?a=500000454,,,,,laredoute://?a=500000454,393136788,La Redoute - Mode & Maison,,,,,,,laredoute://?a=500000454,com.ocito.laredoute,La Redoute - Mode & Maison,,,
500000464,Lierre Artificiel En Branche H 70 Cm 51 Feuilles Panaches - Choisissez Votre Couleur: Vert -jaune - Taille : TU,"Branches De Lierre Artificiel, En Tissu Enduit, De Couleur Verte. Elle Mesure 70 Cms De Hauteur, Et Est Richement Dotée De 51 Feuilles. Elle Aura Sa Place Dans Votre Bouquet De Fleurs Artificielles. Existe En 2 Couleurs : Vert Et Vert-blanc- Taille : TU",,,https://comapny.app.link/3p?%243p=a_facebook&~secondary_ad_format=App+Install+Ads&~advertising_partner_name=Facebook&%24one_time_use=false&~branch_ad_format=App+Only&~channel=Facebook&~feature=paid+advertising,https://cdn.laredoute.com/products/1200by1200/4/1/4/414019dc2e14721b804763647b86d1d7.jpg,new,in stock,2.25,,,$ur,ARTIF-DECO,3661838000302,500000464,,,Vert/Jaune;Vert,Taille Unique,FR:6.90,,https://cdn.laredoute.com/products/1200by1200/2/1/8/218cb8bb9aaf08eff62632868161ce64.jpg,,Plastique,,laredoute://?a=500000464,,,,,laredoute://?a=500000464,393136788,La Redoute - Mode & Maison,,,,,,,laredoute://?a=500000464,com.ocito.laredoute,La Redoute - Mode & Maison,,,
500000469,Canne Bambou Naturelle H 240 Cm 720 Feuilles - Taille : TU,"Voici De L'originalité Avec Ces Superbes Cannes De Bambou Naturelles Fournies De 720 Feuilles. D'une Longueur Exceptionnelle De 240 Cm,.c'est Un Produit Rare Et Noble, Complétement Tendance, Utilisé Par Les Décorateurs.- Taille : TU",,,https://comapny.app.link/3p?%243p=a_facebook&~secondary_ad_format=App+Install+Ads&~advertising_partner_name=Facebook&%24one_time_use=false&~branch_ad_format=App+Only&~channel=Facebook&~feature=paid+advertising,https://cdn.laredoute.com/products/1200by1200/9/e/b/9ebab5dea7143e684ce3345296ba15bb.jpg,new,in stock,34.56,,,$ur,ARTIF-DECO,3661838000562,500000469,,,Couleur Unique,Taille Unique,FR:6.90,,https://cdn.laredoute.com/products/1200by1200/9/e/b/9ebab5dea7143e684ce3345296ba15bb.jpg,,Plastique,,laredoute://?a=500000469,,,,,laredoute://?a=500000469,393136788,La Redoute - Mode & Maison,,,,,,,laredoute://?a=500000469,com.ocito.laredoute,La Redoute - Mode & Maison,,,
500000471,Branche Artificielle H 75 Cm Armee Droite Verte Ideale Decoration - Taille : TU,"Superbe Branche Artificielles De Couleur Verte, H 75 Cm Armée. Cette Branche Nue Est Idéale Pour Vos Décorations, Création D'arbres. Les Fleurs Et Ou Les Feuilles Peuvent Se Coller Dessus.- Taille : TU",,,https://comapny.app.link/3p?%243p=a_facebook&~secondary_ad_format=App+Install+Ads&~advertising_partner_name=Facebook&%24one_time_use=false&~branch_ad_format=App+Only&~channel=Facebook&~feature=paid+advertising,https://cdn.laredoute.com/products/1200by1200/1/b/8/1b8e2230d1342e86c5354e4d94cccb51.jpg,new,in stock,1.38,,,$ur,ARTIFICIELLES,3661838000975,500000471,,,Couleur Unique,Taille Unique,FR:6.90,,https://cdn.laredoute.com/products/1200by1200/1/b/8/1b8e2230d1342e86c5354e4d94cccb51.jpg,,Plastique,,laredoute://?a=500000471,,,,,laredoute://?a=500000471,393136788,La Redoute - Mode & Maison,,,,,,,laredoute://?a=500000471,com.ocito.laredoute,La Redoute - Mode & Maison,,,
500000472,Ananas Fruit Artificiel Hauteur 29 Cm Et D 13 Cm Magnifique Feuillage Plastique - Taille : TU,Ananas Fruit Artificiel Hauteur 29 Cm Et D 13 Cm Magnifique Feuillage Plastique- Taille : TU,"Meubles, déco > Décoration > Vase, cache pot d'intérieur","Meubles, déco > Décoration > Vase, cache pot d'intérieur",https://comapny.app.link/3p?%243p=a_facebook&~secondary_ad_format=App+Install+Ads&~advertising_partner_name=Facebook&%24one_time_use=false&~branch_ad_format=App+Only&~channel=Facebook&~feature=paid+advertising,https://cdn.laredoute.com/products/1200by1200/8/e/0/8e07d71b68db3499091f5bdf29415f04.jpg,new,in stock,30.48,,,$ur,ARTIF-DECO,3661838000982,500000472,,,Couleur Unique,Taille Unique,FR:6.90,,https://cdn.laredoute.com/products/1200by1200/8/d/b/8db2c2bb65e959a4db355285b198f0a3.jpg,,Plastique,,laredoute://?a=500000472,,,,,laredoute://?a=500000472,393136788,La Redoute - Mode & Maison,,,,,,,laredoute://?a=500000472,com.ocito.laredoute,La Redoute - Mode & Maison,,,
500000473,Melon D'eau Pasteque Legume Artificiel D 14 Cm Et H 26 Cm Environ - Taille : TU,Melon D'eau Pasteque Legume Artificiel D 14 Cm Et H 26 Cm Environ- Taille : TU,,,https://comapny.app.link/3p?%243p=a_facebook&~secondary_ad_format=App+Install+Ads&~advertising_partner_name=Facebook&%24one_time_use=false&~branch_ad_format=App+Only&~channel=Facebook&~feature=paid+advertising,https://cdn.laredoute.com/products/1200by1200/3/8/1/3815880bf65de56b63b61fa613d890eb.jpg,new,in stock,11.48,,,$ur,ARTIF-DECO,3661838000999,500000473,,,Couleur Unique,Taille Unique,FR:6.90,,https://cdn.laredoute.com/products/1200by1200/3/8/1/3815880bf65de56b63b61fa613d890eb.jpg,,Plastique,,laredoute://?a=500000473,,,,,laredoute://?a=500000473,393136788,La Redoute - Mode & Maison,,,,,,,laredoute://?a=500000473,com.ocito.laredoute,La Redoute - Mode & Maison,,,
500000476,Poire Comice Fruit Artificiel H 10 Cm Et D 8 Cm Superbe - Taille : TU,Poire Comice Fruit Artificiel H 10 Cm Et D 8 Cm Superbe- Taille : TU,"Meubles, déco > Décoration > Vase, cache pot d'intérieur","Meubles, déco > Décoration > Vase, cache pot d'intérieur",https://comapny.app.link/3p?%243p=a_facebook&~secondary_ad_format=App+Install+Ads&~advertising_partner_name=Facebook&%24one_time_use=false&~branch_ad_format=App+Only&~channel=Facebook&~feature=paid+advertising,https://cdn.laredoute.com/products/1200by1200/a/1/c/a1cf16dd5ca54f0b59bf23bfb3fbdb05.jpg,new,in stock,2.88,,,$ur,ARTIF-DECO,3661838001026,500000476,,,Couleur Unique,Taille Unique,FR:6.90,,https://cdn.laredoute.com/products/1200by1200/7/6/b/76ba23c98a8aff7b5a4a28c55368daf2.jpg,,Plastique,,laredoute://?a=500000476,,,,,laredoute://?a=500000476,393136788,La Redoute - Mode & Maison,,,,,,,laredoute://?a=500000476,com.ocito.laredoute,La Redoute - Mode & Maison,,,
